img_file,category,box_left,box_top,box_height,box_width,img_width,img_height
2021-07-10T07-48-46-frame_0002.jpeg,Nut,1193,949,100,113,1920,1080
2021-07-10T07-48-46-frame_0003.jpeg,Nut,1193,949,100,113,1920,1080
2021-07-10T07-48-46-frame_0003.jpeg,Nut,1308,935,108,80,1920,1080
2021-07-10T07-48-58-frame_0000.jpeg,Nut,1199,939,120,85,1920,1080
2021-07-10T07-48-58-frame_0000.jpeg,Nut,1314,934,79,77,1920,1080
2021-07-10T07-48-58-frame_0000.jpeg,Nut,1452,899,83,67,1920,1080
2021-07-10T07-48-58-frame_0001.jpeg,Nut,1199,938,122,87,1920,1080
2021-07-10T07-48-58-frame_0001.jpeg,Nut,1314,934,79,77,1920,1080
2021-07-10T07-48-58-frame_0001.jpeg,Nut,1450,895,83,67,1920,1080
2021-07-10T07-48-58-frame_0001.jpeg,Nut,1543,869,89,86,1920,1080
2021-07-10T07-48-58-frame_0002.jpeg,Nut,1199,938,122,87,1920,1080
2021-07-10T07-48-58-frame_0002.jpeg,Nut,1314,934,79,77,1920,1080
2021-07-10T07-48-58-frame_0002.jpeg,Nut,1450,895,83,67,1920,1080
2021-07-10T07-48-58-frame_0002.jpeg,Nut,1543,869,89,86,1920,1080
2021-07-10T07-48-58-frame_0002.jpeg,Nut,1615,837,90,75,1920,1080
2021-07-10T07-48-58-frame_0003.jpeg,Nut,1199,937,124,89,1920,1080
2021-07-10T07-48-58-frame_0003.jpeg,Nut,1314,934,79,77,1920,1080
2021-07-10T07-48-58-frame_0003.jpeg,Nut,1450,895,83,67,1920,1080
2021-07-10T07-48-58-frame_0003.jpeg,Nut,1543,869,89,86,1920,1080
2021-07-10T07-48-58-frame_0003.jpeg,Nut,1616,838,88,74,1920,1080
2021-07-10T07-48-58-frame_0003.jpeg,Nut,1052,957,123,103,1920,1080
2021-07-10T08-03-59-frame_0000.jpeg,Nut,1301,936,77,96,1920,1080
2021-07-10T08-03-59-frame_0000.jpeg,Nut,1438,896,95,73,1920,1080
2021-07-10T08-03-59-frame_0000.jpeg,Nut,1555,880,66,76,1920,1080
2021-07-10T08-03-59-frame_0000.jpeg,Nut,1605,836,84,95,1920,1080
2021-07-10T08-03-59-frame_0000.jpeg,Nut,1750,799,85,85,1920,1080
2021-07-10T08-03-59-frame_0001.jpeg,Nut,1301,936,77,96,1920,1080
2021-07-10T08-03-59-frame_0001.jpeg,Nut,1438,896,95,73,1920,1080
2021-07-10T08-03-59-frame_0001.jpeg,Nut,1555,880,66,76,1920,1080
2021-07-10T08-03-59-frame_0001.jpeg,Nut,1605,836,84,95,1920,1080
2021-07-10T08-03-59-frame_0001.jpeg,Nut,1750,799,85,85,1920,1080
2021-07-10T08-03-59-frame_0002.jpeg,Nut,1438,896,95,73,1920,1080
2021-07-10T08-03-59-frame_0002.jpeg,Nut,1555,880,66,76,1920,1080
2021-07-10T08-03-59-frame_0002.jpeg,Nut,1605,835,86,97,1920,1080
2021-07-10T08-03-59-frame_0002.jpeg,Nut,1750,799,85,85,1920,1080
2021-07-10T08-03-59-frame_0002.jpeg,Squirrel,499,559,491,800,1920,1080
2021-07-10T08-03-59-frame_0003.jpeg,Nut,1438,896,95,73,1920,1080
2021-07-10T08-03-59-frame_0003.jpeg,Nut,1555,880,66,76,1920,1080
2021-07-10T08-03-59-frame_0003.jpeg,Nut,1606,836,84,95,1920,1080
2021-07-10T08-03-59-frame_0003.jpeg,Nut,1750,799,85,85,1920,1080
2021-07-10T08-03-59-frame_0003.jpeg,Squirrel,312,557,501,816,1920,1080
2021-07-10T08-05-06-frame_0000.jpeg,Nut,1424,892,97,94,1920,1080
2021-07-10T08-05-06-frame_0000.jpeg,Nut,1546,864,97,75,1920,1080
2021-07-10T08-05-06-frame_0000.jpeg,Nut,1612,834,78,86,1920,1080
2021-07-10T08-05-06-frame_0000.jpeg,Nut,1766,806,70,78,1920,1080
2021-07-10T08-05-06-frame_0001.jpeg,Nut,1424,892,97,94,1920,1080
2021-07-10T08-05-06-frame_0001.jpeg,Nut,1546,864,97,75,1920,1080
2021-07-10T08-05-06-frame_0001.jpeg,Nut,1612,834,78,86,1920,1080
2021-07-10T08-05-06-frame_0001.jpeg,Nut,1766,806,70,78,1920,1080
2021-07-10T08-05-06-frame_0002.jpeg,Nut,1549,864,97,75,1920,1080
2021-07-10T08-05-06-frame_0002.jpeg,Nut,1612,834,78,86,1920,1080
2021-07-10T08-05-06-frame_0002.jpeg,Nut,1766,806,70,78,1920,1080
2021-07-10T08-05-06-frame_0002.jpeg,Squirrel,576,612,444,983,1920,1080
2021-07-10T08-05-06-frame_0003.jpeg,Nut,1546,864,97,75,1920,1080
2021-07-10T08-05-06-frame_0003.jpeg,Nut,1614,835,75,83,1920,1080
2021-07-10T08-05-06-frame_0003.jpeg,Nut,1766,807,70,78,1920,1080
2021-07-10T08-05-06-frame_0003.jpeg,Squirrel,360,540,531,1224,1920,1080
2021-07-10T08-05-06-frame_0004.jpeg,Squirrel,257,65,978,970,1920,1080
2021-07-10T08-05-06-frame_0004.jpeg,Nut,1547,863,99,77,1920,1080
2021-07-10T08-05-06-frame_0004.jpeg,Nut,1614,835,77,85,1920,1080
2021-07-10T08-05-06-frame_0004.jpeg,Nut,1766,807,70,78,1920,1080
2021-07-10T08-05-06-frame_0005.jpeg,Nut,1547,863,99,77,1920,1080
2021-07-10T08-05-06-frame_0005.jpeg,Nut,1614,835,77,85,1920,1080
2021-07-10T08-05-06-frame_0005.jpeg,Nut,1766,807,70,78,1920,1080
2021-07-10T08-05-06-frame_0006.jpeg,Nut,1649,829,99,77,1920,1080
2021-07-10T08-05-06-frame_0006.jpeg,Nut,1655,835,75,83,1920,1080
2021-07-10T08-05-06-frame_0006.jpeg,Nut,1766,807,70,78,1920,1080
2021-07-10T08-06-35-frame_0000.jpeg,Nut,1761,813,66,87,1920,1080
2021-07-10T08-06-35-frame_0001.jpeg,Nut,1762,813,65,85,1920,1080
2021-07-10T08-06-35-frame_0002.jpeg,Nut,1762,813,65,85,1920,1080
2021-07-10T08-06-35-frame_0003.jpeg,Squirrel,616,485,584,1115,1920,1080
2021-07-10T17-30-09-frame_0000.jpeg,Squirrel,0,175,898,898,1920,1080
2021-07-10T17-30-09-frame_0000.jpeg,Nut,1201,931,119,104,1920,1080
2021-07-10T17-30-09-frame_0000.jpeg,Nut,1296,922,86,138,1920,1080
2021-07-10T17-30-09-frame_0000.jpeg,Nut,1441,918,72,94,1920,1080
2021-07-10T17-30-09-frame_0000.jpeg,Nut,1563,849,110,74,1920,1080
2021-07-10T17-30-09-frame_0000.jpeg,Nut,1707,828,88,63,1920,1080
2021-07-10T17-30-09-frame_0001.jpeg,Squirrel,0,175,898,898,1920,1080
2021-07-10T17-30-09-frame_0001.jpeg,Nut,1202,931,119,104,1920,1080
2021-07-10T17-30-09-frame_0001.jpeg,Nut,1296,922,86,138,1920,1080
2021-07-10T17-30-09-frame_0001.jpeg,Nut,1442,918,72,94,1920,1080
2021-07-10T17-30-09-frame_0001.jpeg,Nut,1564,850,108,73,1920,1080
2021-07-10T17-30-09-frame_0001.jpeg,Nut,1708,829,86,62,1920,1080
2021-07-10T17-30-09-frame_0002.jpeg,Squirrel,0,179,898,898,1920,1080
2021-07-10T17-30-09-frame_0002.jpeg,Nut,1204,933,117,102,1920,1080
2021-07-10T17-30-09-frame_0002.jpeg,Nut,1298,923,84,135,1920,1080
2021-07-10T17-30-09-frame_0002.jpeg,Nut,1442,918,73,96,1920,1080
2021-07-10T17-30-09-frame_0002.jpeg,Nut,1564,850,108,73,1920,1080
2021-07-10T17-30-09-frame_0002.jpeg,Nut,1708,829,86,62,1920,1080
2021-07-10T17-30-09-frame_0003.jpeg,Nut,1310,914,86,138,1920,1080
2021-07-10T17-30-09-frame_0003.jpeg,Nut,1442,918,73,96,1920,1080
2021-07-10T17-30-09-frame_0003.jpeg,Nut,1564,850,108,73,1920,1080
2021-07-10T17-30-09-frame_0003.jpeg,Nut,1708,829,86,62,1920,1080
2021-07-10T17-33-28-frame_0000.jpeg,Nut,0,187,888,780,1920,1080
2021-07-10T17-33-28-frame_0000.jpeg,Nut,1436,919,70,94,1920,1080
2021-07-10T17-33-28-frame_0000.jpeg,Nut,1549,867,84,80,1920,1080
2021-07-10T17-33-28-frame_0000.jpeg,Nut,1697,847,60,68,1920,1080
2021-07-10T17-33-28-frame_0001.jpeg,Nut,0,200,871,946,1920,1080
2021-07-10T17-33-28-frame_0001.jpeg,Nut,1437,919,70,94,1920,1080
2021-07-10T17-33-28-frame_0001.jpeg,Nut,1549,867,84,80,1920,1080
2021-07-10T17-33-28-frame_0001.jpeg,Nut,1698,848,58,65,1920,1080
2021-07-10T17-33-28-frame_0002.jpeg,Nut,1543,855,110,86,1920,1080
2021-07-10T17-33-28-frame_0002.jpeg,Nut,1695,835,84,66,1920,1080
2021-07-10T17-33-28-frame_0002.jpeg,Squirrel,0,612,468,1510,1920,1080
2021-07-10T17-33-28-frame_0003.jpeg,Nut,1544,856,108,84,1920,1080
2021-07-10T17-33-28-frame_0003.jpeg,Nut,1696,836,82,65,1920,1080
2021-07-10T17-33-28-frame_0003.jpeg,Squirrel,0,167,908,1153,1920,1080
2021-07-10T17-34-36-frame_0000.jpeg,Squirrel,178,634,418,691,1920,1080
2021-07-10T17-34-36-frame_0000.jpeg,Nut,1545,850,100,88,1920,1080
2021-07-10T17-34-36-frame_0000.jpeg,Nut,1698,830,77,79,1920,1080
2021-07-10T17-34-36-frame_0001.jpeg,Squirrel,163,636,426,705,1920,1080
2021-07-10T17-34-36-frame_0001.jpeg,Nut,1545,850,100,88,1920,1080
2021-07-10T17-34-36-frame_0001.jpeg,Nut,1699,831,75,77,1920,1080
2021-07-10T17-34-36-frame_0002.jpeg,Squirrel,367,640,426,505,1920,1080
2021-07-10T17-34-36-frame_0002.jpeg,Nut,1546,851,98,86,1920,1080
2021-07-10T17-34-36-frame_0002.jpeg,Nut,1699,831,75,77,1920,1080
2021-07-10T17-34-36-frame_0003.jpeg,Nut,1690,840,67,70,1920,1080
2021-07-11T07-32-11-frame_0002.jpeg,Squirrel,521,554,502,813,1920,1080
2021-07-11T07-32-11-frame_0003.jpeg,Squirrel,223,414,666,1277,1920,1080
2021-07-11T07-33-39-frame_0000.jpeg,Nut,1393,897,85,75,1920,1080
2021-07-11T07-33-39-frame_0000.jpeg,Nut,1487,915,51,89,1920,1080
2021-07-11T07-33-39-frame_0000.jpeg,Nut,1494,871,73,112,1920,1080
2021-07-11T07-33-39-frame_0000.jpeg,Nut,1608,881,46,86,1920,1080
2021-07-11T07-33-39-frame_0000.jpeg,Nut,1620,856,54,93,1920,1080
2021-07-11T07-33-39-frame_0000.jpeg,Nut,1644,821,78,130,1920,1080
2021-07-11T07-33-39-frame_0000.jpeg,Nut,1762,856,25,51,1920,1080
2021-07-11T07-33-39-frame_0000.jpeg,Nut,1778,799,57,78,1920,1080
2021-07-11T07-33-39-frame_0001.jpeg,Nut,1393,897,85,75,1920,1080
2021-07-11T07-33-39-frame_0001.jpeg,Nut,1486,914,52,91,1920,1080
2021-07-11T07-33-39-frame_0001.jpeg,Nut,1494,871,73,112,1920,1080
2021-07-11T07-33-39-frame_0001.jpeg,Nut,1607,881,47,88,1920,1080
2021-07-11T07-33-39-frame_0001.jpeg,Nut,1620,856,54,93,1920,1080
2021-07-11T07-33-39-frame_0001.jpeg,Nut,1644,821,78,130,1920,1080
2021-07-11T07-33-39-frame_0001.jpeg,Nut,1762,856,25,51,1920,1080
2021-07-11T07-33-39-frame_0001.jpeg,Nut,1778,799,57,78,1920,1080
2021-07-11T07-33-39-frame_0002.jpeg,Nut,1423,927,85,75,1920,1080
2021-07-11T07-33-39-frame_0002.jpeg,Nut,1486,914,52,91,1920,1080
2021-07-11T07-33-39-frame_0002.jpeg,Nut,1494,871,73,112,1920,1080
2021-07-11T07-33-39-frame_0002.jpeg,Nut,1608,882,46,86,1920,1080
2021-07-11T07-33-39-frame_0002.jpeg,Nut,1620,856,54,93,1920,1080
2021-07-11T07-33-39-frame_0002.jpeg,Nut,1645,822,76,127,1920,1080
2021-07-11T07-33-39-frame_0002.jpeg,Nut,1762,856,25,50,1920,1080
2021-07-11T07-33-39-frame_0002.jpeg,Nut,1778,799,57,78,1920,1080
2021-07-11T07-33-39-frame_0002.jpeg,Squirrel,356,613,467,1107,1920,1080
2021-07-11T07-33-39-frame_0003.jpeg,Nut,1485,909,83,74,1920,1080
2021-07-11T07-33-39-frame_0003.jpeg,Nut,1486,914,52,91,1920,1080
2021-07-11T07-33-39-frame_0003.jpeg,Nut,1494,871,73,112,1920,1080
2021-07-11T07-33-39-frame_0003.jpeg,Nut,1608,882,46,86,1920,1080
2021-07-11T07-33-39-frame_0003.jpeg,Nut,1620,856,54,93,1920,1080
2021-07-11T07-33-39-frame_0003.jpeg,Nut,1645,822,76,127,1920,1080
2021-07-11T07-33-39-frame_0003.jpeg,Nut,1760,855,27,53,1920,1080
2021-07-11T07-33-39-frame_0003.jpeg,Nut,1778,799,57,78,1920,1080
2021-07-11T07-37-41-frame_0002.jpeg,Squirrel,585,700,341,383,1920,1080
2021-07-11T07-37-41-frame_0002.jpeg,Nut,1480,908,63,70,1920,1080
2021-07-11T07-37-41-frame_0002.jpeg,Nut,1491,859,89,114,1920,1080
2021-07-11T07-37-41-frame_0002.jpeg,Nut,1605,887,49,81,1920,1080
2021-07-11T07-37-41-frame_0002.jpeg,Nut,1635,853,87,95,1920,1080
2021-07-11T07-37-41-frame_0002.jpeg,Nut,1644,824,80,126,1920,1080
2021-07-11T07-37-41-frame_0002.jpeg,Nut,1754,848,44,71,1920,1080
2021-07-11T07-37-41-frame_0002.jpeg,Nut,1761,805,60,116,1920,1080
2021-07-11T07-37-41-frame_0003.jpeg,Squirrel,0,294,755,1208,1920,1080
2021-07-11T07-37-41-frame_0003.jpeg,Nut,1490,858,91,116,1920,1080
2021-07-11T07-37-41-frame_0003.jpeg,Nut,1604,887,50,83,1920,1080
2021-07-11T07-37-41-frame_0003.jpeg,Nut,1635,853,87,95,1920,1080
2021-07-11T07-37-41-frame_0003.jpeg,Nut,1643,823,82,129,1920,1080
2021-07-11T07-37-41-frame_0003.jpeg,Nut,1754,848,44,71,1920,1080
2021-07-11T07-37-41-frame_0003.jpeg,Nut,1761,805,60,116,1920,1080
2021-07-11T07-37-41-frame_0004.jpeg,Nut,1491,858,91,116,1920,1080
2021-07-11T07-37-41-frame_0004.jpeg,Nut,1604,887,50,83,1920,1080
2021-07-11T07-37-41-frame_0004.jpeg,Nut,1635,853,87,95,1920,1080
2021-07-11T07-37-41-frame_0004.jpeg,Nut,1642,823,82,129,1920,1080
2021-07-11T07-37-41-frame_0004.jpeg,Nut,1755,849,42,68,1920,1080
2021-07-11T07-37-41-frame_0004.jpeg,Nut,1761,806,60,116,1920,1080
2021-07-11T07-38-13-frame_0000.jpeg,Nut,1479,857,102,125,1920,1080
2021-07-11T07-38-13-frame_0000.jpeg,Nut,1609,884,44,70,1920,1080
2021-07-11T07-38-13-frame_0000.jpeg,Nut,1631,855,65,98,1920,1080
2021-07-11T07-38-13-frame_0000.jpeg,Nut,1648,813,91,128,1920,1080
2021-07-11T07-38-13-frame_0000.jpeg,Nut,1756,844,35,59,1920,1080
2021-07-11T07-38-13-frame_0000.jpeg,Nut,1756,797,67,111,1920,1080
2021-07-11T07-38-13-frame_0001.jpeg,Nut,1479,857,102,125,1920,1080
2021-07-11T07-38-13-frame_0001.jpeg,Nut,1609,884,43,69,1920,1080
2021-07-11T07-38-13-frame_0001.jpeg,Nut,1631,855,65,98,1920,1080
2021-07-11T07-38-13-frame_0001.jpeg,Nut,1648,813,91,128,1920,1080
2021-07-11T07-38-13-frame_0001.jpeg,Nut,1756,844,35,59,1920,1080
2021-07-11T07-38-13-frame_0001.jpeg,Nut,1757,797,67,111,1920,1080
2021-07-11T07-38-13-frame_0002.jpeg,Nut,1479,857,102,125,1920,1080
2021-07-11T07-38-13-frame_0002.jpeg,Nut,1609,884,44,70,1920,1080
2021-07-11T07-38-13-frame_0002.jpeg,Nut,1631,855,65,98,1920,1080
2021-07-11T07-38-13-frame_0002.jpeg,Nut,1648,813,91,128,1920,1080
2021-07-11T07-38-13-frame_0002.jpeg,Nut,1756,844,35,59,1920,1080
2021-07-11T07-38-13-frame_0002.jpeg,Nut,1757,797,67,111,1920,1080
2021-07-11T07-38-13-frame_0002.jpeg,Squirrel,647,782,228,257,1920,1080
2021-07-11T07-38-13-frame_0003.jpeg,Squirrel,0,236,844,1295,1920,1080
2021-07-11T07-38-13-frame_0003.jpeg,Nut,1598,875,67,89,1920,1080
2021-07-11T07-38-13-frame_0003.jpeg,Nut,1635,848,67,96,1920,1080
2021-07-11T07-38-13-frame_0003.jpeg,Nut,1645,821,76,125,1920,1080
2021-07-11T07-38-13-frame_0003.jpeg,Nut,1762,845,38,51,1920,1080
2021-07-11T07-38-13-frame_0003.jpeg,Nut,1768,806,50,103,1920,1080
2021-07-11T07-38-13-frame_0004.jpeg,Nut,1598,875,67,89,1920,1080
2021-07-11T07-38-13-frame_0004.jpeg,Nut,1635,848,67,96,1920,1080
2021-07-11T07-38-13-frame_0004.jpeg,Nut,1645,821,76,125,1920,1080
2021-07-11T07-38-13-frame_0004.jpeg,Nut,1763,846,37,49,1920,1080
2021-07-11T07-38-13-frame_0004.jpeg,Nut,1768,806,50,103,1920,1080
2021-07-11T07-39-49-frame_0000.jpeg,Nut,1607,869,74,72,1920,1080
2021-07-11T07-39-49-frame_0000.jpeg,Nut,1621,843,92,106,1920,1080
2021-07-11T07-39-49-frame_0000.jpeg,Nut,1643,811,84,112,1920,1080
2021-07-11T07-39-49-frame_0000.jpeg,Nut,1761,847,46,54,1920,1080
2021-07-11T07-39-49-frame_0000.jpeg,Nut,1759,796,85,107,1920,1080
2021-07-11T07-39-49-frame_0001.jpeg,Nut,1607,869,74,72,1920,1080
2021-07-11T07-39-49-frame_0001.jpeg,Nut,1621,843,92,106,1920,1080
2021-07-11T07-39-49-frame_0001.jpeg,Nut,1643,811,84,112,1920,1080
2021-07-11T07-39-49-frame_0001.jpeg,Nut,1761,847,46,54,1920,1080
2021-07-11T07-39-49-frame_0001.jpeg,Nut,1759,796,85,107,1920,1080
2021-07-11T07-39-49-frame_0002.jpeg,Nut,1607,869,74,72,1920,1080
2021-07-11T07-39-49-frame_0002.jpeg,Nut,1622,844,90,104,1920,1080
2021-07-11T07-39-49-frame_0002.jpeg,Nut,1644,812,82,110,1920,1080
2021-07-11T07-39-49-frame_0002.jpeg,Nut,1760,846,47,55,1920,1080
2021-07-11T07-39-49-frame_0002.jpeg,Nut,1759,796,85,107,1920,1080
2021-07-11T07-39-49-frame_0002.jpeg,Squirrel,642,676,385,335,1920,1080
2021-07-11T07-39-49-frame_0003.jpeg,Nut,1629,847,74,72,1920,1080
2021-07-11T07-39-49-frame_0003.jpeg,Nut,1625,845,87,100,1920,1080
2021-07-11T07-39-49-frame_0003.jpeg,Nut,1645,813,80,108,1920,1080
2021-07-11T07-39-49-frame_0003.jpeg,Nut,1760,846,47,55,1920,1080
2021-07-11T07-39-49-frame_0003.jpeg,Nut,1760,796,85,107,1920,1080
2021-07-11T07-39-49-frame_0003.jpeg,Squirrel,0,201,874,1143,1920,1080
2021-07-11T07-39-49-frame_0004.jpeg,Squirrel,1250,587,195,112,1920,1080
2021-07-11T07-39-49-frame_0004.jpeg,Nut,1629,847,74,72,1920,1080
2021-07-11T07-39-49-frame_0004.jpeg,Nut,1624,845,89,102,1920,1080
2021-07-11T07-39-49-frame_0004.jpeg,Nut,1647,814,77,104,1920,1080
2021-07-11T07-39-49-frame_0004.jpeg,Nut,1760,846,47,55,1920,1080
2021-07-11T07-39-49-frame_0004.jpeg,Nut,1760,796,85,107,1920,1080
2021-07-11T07-41-07-frame_0000.jpeg,Nut,1615,845,73,108,1920,1080
2021-07-11T07-41-07-frame_0000.jpeg,Nut,1649,812,77,116,1920,1080
2021-07-11T07-41-07-frame_0000.jpeg,Nut,1764,848,37,59,1920,1080
2021-07-11T07-41-07-frame_0000.jpeg,Nut,1764,802,54,99,1920,1080
2021-07-11T07-41-07-frame_0001.jpeg,Nut,1615,845,73,108,1920,1080
2021-07-11T07-41-07-frame_0001.jpeg,Nut,1649,812,77,116,1920,1080
2021-07-11T07-41-07-frame_0001.jpeg,Nut,1764,848,37,59,1920,1080
2021-07-11T07-41-07-frame_0001.jpeg,Nut,1764,802,54,99,1920,1080
2021-07-11T07-41-07-frame_0002.jpeg,Nut,1615,845,73,108,1920,1080
2021-07-11T07-41-07-frame_0002.jpeg,Nut,1649,812,77,116,1920,1080
2021-07-11T07-41-07-frame_0002.jpeg,Nut,1764,848,37,59,1920,1080
2021-07-11T07-41-07-frame_0002.jpeg,Nut,1764,802,54,99,1920,1080
2021-07-11T07-41-07-frame_0002.jpeg,Squirrel,674,863,138,203,1920,1080
2021-07-11T07-41-07-frame_0003.jpeg,Nut,1650,815,73,108,1920,1080
2021-07-11T07-41-07-frame_0003.jpeg,Nut,1653,811,75,114,1920,1080
2021-07-11T07-41-07-frame_0003.jpeg,Nut,1772,844,38,60,1920,1080
2021-07-11T07-41-07-frame_0003.jpeg,Nut,1765,802,54,99,1920,1080
2021-07-11T07-41-07-frame_0003.jpeg,Squirrel,5,159,921,1314,1920,1080
2021-07-11T07-41-07-frame_0004.jpeg,Nut,1651,815,73,108,1920,1080
2021-07-11T07-41-07-frame_0004.jpeg,Nut,1654,811,75,114,1920,1080
2021-07-11T07-41-07-frame_0004.jpeg,Nut,1772,844,38,60,1920,1080
2021-07-11T07-41-07-frame_0004.jpeg,Nut,1765,803,54,99,1920,1080
2021-07-11T12-18-40-frame_0000.jpeg,Nut,1279,932,109,94,1920,1080
2021-07-11T12-18-40-frame_0000.jpeg,Nut,1420,915,93,84,1920,1080
2021-07-11T12-18-40-frame_0000.jpeg,Nut,1503,845,132,136,1920,1080
2021-07-11T12-18-40-frame_0000.jpeg,Nut,1641,844,72,102,1920,1080
2021-07-11T12-18-40-frame_0000.jpeg,Nut,1753,799,94,89,1920,1080
2021-07-11T12-18-40-frame_0001.jpeg,Nut,1279,932,109,94,1920,1080
2021-07-11T12-18-40-frame_0001.jpeg,Nut,1421,915,93,84,1920,1080
2021-07-11T12-18-40-frame_0001.jpeg,Nut,1503,845,132,136,1920,1080
2021-07-11T12-18-40-frame_0001.jpeg,Nut,1643,845,69,98,1920,1080
2021-07-11T12-18-40-frame_0001.jpeg,Nut,1753,799,94,89,1920,1080
2021-07-11T12-18-40-frame_0002.jpeg,Nut,1279,932,109,94,1920,1080
2021-07-11T12-18-40-frame_0002.jpeg,Nut,1421,915,93,84,1920,1080
2021-07-11T12-18-40-frame_0002.jpeg,Nut,1505,846,129,133,1920,1080
2021-07-11T12-18-40-frame_0002.jpeg,Nut,1643,845,69,98,1920,1080
2021-07-11T12-18-40-frame_0002.jpeg,Nut,1754,800,92,87,1920,1080
2021-07-11T12-18-40-frame_0003.jpeg,Nut,1281,933,107,92,1920,1080
2021-07-11T12-18-40-frame_0003.jpeg,Nut,1421,915,93,84,1920,1080
2021-07-11T12-18-40-frame_0003.jpeg,Nut,1505,846,129,133,1920,1080
2021-07-11T12-18-40-frame_0003.jpeg,Nut,1643,845,69,98,1920,1080
2021-07-11T12-18-40-frame_0003.jpeg,Nut,1754,800,92,87,1920,1080
2021-07-11T12-21-40-frame_0000.jpeg,Nut,1294,935,98,64,1920,1080
2021-07-11T12-21-40-frame_0000.jpeg,Nut,1420,911,86,68,1920,1080
2021-07-11T12-21-40-frame_0000.jpeg,Nut,1498,845,134,129,1920,1080
2021-07-11T12-21-40-frame_0000.jpeg,Nut,1651,839,80,70,1920,1080
2021-07-11T12-21-40-frame_0000.jpeg,Nut,1771,808,91,52,1920,1080
2021-07-11T12-21-40-frame_0001.jpeg,Nut,1294,935,98,64,1920,1080
2021-07-11T12-21-40-frame_0001.jpeg,Nut,1421,911,86,68,1920,1080
2021-07-11T12-21-40-frame_0001.jpeg,Nut,1498,846,134,129,1920,1080
2021-07-11T12-21-40-frame_0001.jpeg,Nut,1651,840,78,69,1920,1080
2021-07-11T12-21-40-frame_0001.jpeg,Nut,1770,807,91,52,1920,1080
2021-07-11T12-21-40-frame_0002.jpeg,Nut,1294,935,98,64,1920,1080
2021-07-11T12-21-40-frame_0002.jpeg,Nut,1422,912,83,65,1920,1080
2021-07-11T12-21-40-frame_0002.jpeg,Nut,1498,846,134,129,1920,1080
2021-07-11T12-21-40-frame_0002.jpeg,Nut,1651,840,78,69,1920,1080
2021-07-11T12-21-40-frame_0002.jpeg,Nut,1770,807,91,52,1920,1080
2021-07-11T12-21-40-frame_0003.jpeg,Nut,1294,936,96,63,1920,1080
2021-07-11T12-21-40-frame_0003.jpeg,Nut,1422,912,83,65,1920,1080
2021-07-11T12-21-40-frame_0003.jpeg,Nut,1499,847,131,126,1920,1080
2021-07-11T12-21-40-frame_0003.jpeg,Nut,1651,840,78,69,1920,1080
2021-07-11T12-21-40-frame_0003.jpeg,Nut,1770,807,91,52,1920,1080
2021-07-13T13-07-13-frame_0000.jpeg,Nut,1713,808,56,115,1920,1080
2021-07-13T13-07-13-frame_0000.jpeg,Nut,1679,832,59,113,1920,1080
2021-07-13T13-07-13-frame_0000.jpeg,Nut,1602,842,64,124,1920,1080
2021-07-13T13-07-13-frame_0000.jpeg,Nut,1549,888,59,103,1920,1080
2021-07-13T13-07-13-frame_0000.jpeg,Nut,1460,889,72,128,1920,1080
2021-07-13T13-07-13-frame_0000.jpeg,Nut,1389,888,97,118,1920,1080
2021-07-13T13-07-13-frame_0000.jpeg,Nut,1351,943,66,112,1920,1080
2021-07-13T13-07-13-frame_0000.jpeg,Nut,1301,963,83,66,1920,1080
2021-07-13T13-07-13-frame_0001.jpeg,Nut,1714,808,55,113,1920,1080
2021-07-13T13-07-13-frame_0001.jpeg,Nut,1678,832,59,113,1920,1080
2021-07-13T13-07-13-frame_0001.jpeg,Nut,1602,842,64,124,1920,1080
2021-07-13T13-07-13-frame_0001.jpeg,Nut,1550,889,57,99,1920,1080
2021-07-13T13-07-13-frame_0001.jpeg,Nut,1462,890,69,123,1920,1080
2021-07-13T13-07-13-frame_0001.jpeg,Nut,1390,889,95,116,1920,1080
2021-07-13T13-07-13-frame_0001.jpeg,Nut,1352,943,65,110,1920,1080
2021-07-13T13-07-13-frame_0001.jpeg,Nut,1302,963,83,66,1920,1080
2021-07-13T13-07-13-frame_0002.jpeg,Nut,1715,808,55,113,1920,1080
2021-07-13T13-07-13-frame_0002.jpeg,Nut,1678,832,59,113,1920,1080
2021-07-13T13-07-13-frame_0002.jpeg,Nut,1603,843,63,122,1920,1080
2021-07-13T13-07-13-frame_0002.jpeg,Nut,1550,889,57,99,1920,1080
2021-07-13T13-07-13-frame_0002.jpeg,Nut,1462,890,69,123,1920,1080
2021-07-13T13-07-13-frame_0002.jpeg,Nut,1390,889,95,116,1920,1080
2021-07-13T13-07-13-frame_0002.jpeg,Nut,1353,943,65,110,1920,1080
2021-07-13T13-07-13-frame_0002.jpeg,Nut,1302,963,81,65,1920,1080
2021-07-13T13-07-13-frame_0003.jpeg,Nut,1715,808,55,113,1920,1080
2021-07-13T13-07-13-frame_0003.jpeg,Nut,1679,832,58,111,1920,1080
2021-07-13T13-07-13-frame_0003.jpeg,Nut,1603,843,63,122,1920,1080
2021-07-13T13-07-13-frame_0003.jpeg,Nut,1550,889,57,99,1920,1080
2021-07-13T13-07-13-frame_0003.jpeg,Nut,1462,890,69,123,1920,1080
2021-07-13T13-07-13-frame_0003.jpeg,Nut,1389,888,97,118,1920,1080
2021-07-13T13-07-13-frame_0003.jpeg,Nut,1353,942,65,110,1920,1080
2021-07-13T13-07-13-frame_0003.jpeg,Nut,1302,963,81,65,1920,1080
2021-07-13T13-07-13-frame_0004.jpeg,Nut,1715,808,55,113,1920,1080
2021-07-13T13-07-13-frame_0004.jpeg,Nut,1678,831,58,111,1920,1080
2021-07-13T13-07-13-frame_0004.jpeg,Nut,1602,842,64,124,1920,1080
2021-07-13T13-07-13-frame_0004.jpeg,Nut,1548,888,58,101,1920,1080
2021-07-13T13-07-13-frame_0004.jpeg,Nut,1462,890,69,123,1920,1080
2021-07-13T13-07-13-frame_0004.jpeg,Nut,1389,888,97,118,1920,1080
2021-07-13T13-07-13-frame_0004.jpeg,Nut,1353,941,65,110,1920,1080
2021-07-13T13-07-13-frame_0004.jpeg,Nut,1302,964,79,64,1920,1080
2021-07-13T13-07-13-frame_0005.jpeg,Nut,1715,808,55,113,1920,1080
2021-07-13T13-07-13-frame_0005.jpeg,Nut,1680,832,57,109,1920,1080
2021-07-13T13-07-13-frame_0005.jpeg,Nut,1602,843,64,124,1920,1080
2021-07-13T13-07-13-frame_0005.jpeg,Nut,1550,888,57,99,1920,1080
2021-07-13T13-07-13-frame_0005.jpeg,Nut,1462,890,69,123,1920,1080
2021-07-13T13-07-13-frame_0005.jpeg,Nut,1389,888,97,118,1920,1080
2021-07-13T13-07-13-frame_0005.jpeg,Nut,1353,940,65,110,1920,1080
2021-07-13T13-07-13-frame_0005.jpeg,Nut,1302,964,79,64,1920,1080
2021-07-13T13-07-13-frame_0006.jpeg,Nut,1715,808,55,113,1920,1080
2021-07-13T13-07-13-frame_0006.jpeg,Nut,1681,832,55,105,1920,1080
2021-07-13T13-07-13-frame_0006.jpeg,Nut,1603,843,63,122,1920,1080
2021-07-13T13-07-13-frame_0006.jpeg,Nut,1550,888,57,99,1920,1080
2021-07-13T13-07-13-frame_0006.jpeg,Nut,1462,890,69,123,1920,1080
2021-07-13T13-07-13-frame_0006.jpeg,Nut,1389,888,97,118,1920,1080
2021-07-13T13-07-13-frame_0006.jpeg,Nut,1353,940,65,110,1920,1080
2021-07-13T13-07-13-frame_0006.jpeg,Nut,1303,965,77,63,1920,1080
2021-07-13T13-10-53-frame_0000.jpeg,Nut,1301,965,63,58,1920,1080
2021-07-13T13-10-53-frame_0000.jpeg,Nut,1354,940,69,79,1920,1080
2021-07-13T13-10-53-frame_0000.jpeg,Nut,1402,908,85,129,1920,1080
2021-07-13T13-10-53-frame_0000.jpeg,Nut,1471,888,82,107,1920,1080
2021-07-13T13-10-53-frame_0000.jpeg,Nut,1537,889,63,80,1920,1080
2021-07-13T13-10-53-frame_0000.jpeg,Nut,1613,899,44,67,1920,1080
2021-07-13T13-10-53-frame_0000.jpeg,Nut,1586,837,86,136,1920,1080
2021-07-13T13-10-53-frame_0000.jpeg,Nut,1667,829,71,133,1920,1080
2021-07-13T13-10-53-frame_0000.jpeg,Nut,1696,795,84,151,1920,1080
2021-07-13T13-10-53-frame_0001.jpeg,Nut,1301,965,63,58,1920,1080
2021-07-13T13-10-53-frame_0001.jpeg,Nut,1353,939,70,81,1920,1080
2021-07-13T13-10-53-frame_0001.jpeg,Nut,1402,908,85,129,1920,1080
2021-07-13T13-10-53-frame_0001.jpeg,Nut,1473,889,79,103,1920,1080
2021-07-13T13-10-53-frame_0001.jpeg,Nut,1533,886,68,87,1920,1080
2021-07-13T13-10-53-frame_0001.jpeg,Nut,1613,900,44,67,1920,1080
2021-07-13T13-10-53-frame_0001.jpeg,Nut,1580,833,93,147,1920,1080
2021-07-13T13-10-53-frame_0001.jpeg,Nut,1665,828,72,136,1920,1080
2021-07-13T13-10-53-frame_0001.jpeg,Nut,1699,797,81,145,1920,1080
2021-07-13T13-10-53-frame_0002.jpeg,Nut,1302,965,62,57,1920,1080
2021-07-13T13-10-53-frame_0002.jpeg,Nut,1351,937,74,86,1920,1080
2021-07-13T13-10-53-frame_0002.jpeg,Nut,1401,906,87,132,1920,1080
2021-07-13T13-10-53-frame_0002.jpeg,Nut,1473,889,79,103,1920,1080
2021-07-13T13-10-53-frame_0002.jpeg,Nut,1533,886,68,87,1920,1080
2021-07-13T13-10-53-frame_0002.jpeg,Nut,1614,900,43,66,1920,1080
2021-07-13T13-10-53-frame_0002.jpeg,Nut,1580,833,93,147,1920,1080
2021-07-13T13-10-53-frame_0002.jpeg,Nut,1661,826,75,141,1920,1080
2021-07-13T13-10-53-frame_0002.jpeg,Nut,1699,797,81,145,1920,1080
2021-07-13T13-10-53-frame_0003.jpeg,Nut,1302,965,62,57,1920,1080
2021-07-13T13-10-53-frame_0003.jpeg,Nut,1351,937,73,84,1920,1080
2021-07-13T13-10-53-frame_0003.jpeg,Nut,1402,907,85,129,1920,1080
2021-07-13T13-10-53-frame_0003.jpeg,Nut,1473,889,79,103,1920,1080
2021-07-13T13-10-53-frame_0003.jpeg,Nut,1534,887,65,84,1920,1080
2021-07-13T13-10-53-frame_0003.jpeg,Nut,1613,900,44,67,1920,1080
2021-07-13T13-10-53-frame_0003.jpeg,Nut,1580,833,93,147,1920,1080
2021-07-13T13-10-53-frame_0003.jpeg,Nut,1660,825,77,144,1920,1080
2021-07-13T13-10-53-frame_0003.jpeg,Nut,1700,797,81,145,1920,1080
2021-07-13T13-17-13-frame_0000.jpeg,Nut,1710,804,73,136,1920,1080
2021-07-13T13-17-13-frame_0000.jpeg,Nut,1662,813,78,143,1920,1080
2021-07-13T13-17-13-frame_0000.jpeg,Nut,1596,838,77,156,1920,1080
2021-07-13T13-17-13-frame_0000.jpeg,Nut,1601,899,35,79,1920,1080
2021-07-13T13-17-13-frame_0000.jpeg,Nut,1456,887,78,134,1920,1080
2021-07-13T13-17-13-frame_0000.jpeg,Nut,1389,885,106,119,1920,1080
2021-07-13T13-17-13-frame_0000.jpeg,Nut,1357,927,82,103,1920,1080
2021-07-13T13-17-13-frame_0000.jpeg,Nut,1300,965,71,87,1920,1080
2021-07-13T13-17-13-frame_0001.jpeg,Nut,1710,804,73,136,1920,1080
2021-07-13T13-17-13-frame_0001.jpeg,Nut,1662,813,78,143,1920,1080
2021-07-13T13-17-13-frame_0001.jpeg,Nut,1596,838,77,156,1920,1080
2021-07-13T13-17-13-frame_0001.jpeg,Nut,1601,899,35,79,1920,1080
2021-07-13T13-17-13-frame_0001.jpeg,Nut,1460,889,74,126,1920,1080
2021-07-13T13-17-13-frame_0001.jpeg,Nut,1389,885,106,119,1920,1080
2021-07-13T13-17-13-frame_0001.jpeg,Nut,1357,926,82,103,1920,1080
2021-07-13T13-17-13-frame_0001.jpeg,Nut,1301,966,70,85,1920,1080
2021-07-13T13-17-13-frame_0002.jpeg,Nut,1710,804,73,136,1920,1080
2021-07-13T13-17-13-frame_0002.jpeg,Nut,1662,813,78,143,1920,1080
2021-07-13T13-17-13-frame_0002.jpeg,Nut,1596,838,77,156,1920,1080
2021-07-13T13-17-13-frame_0002.jpeg,Nut,1601,899,35,79,1920,1080
2021-07-13T13-17-13-frame_0002.jpeg,Nut,1461,890,73,124,1920,1080
2021-07-13T13-17-13-frame_0002.jpeg,Nut,1391,887,102,114,1920,1080
2021-07-13T13-17-13-frame_0002.jpeg,Nut,1357,925,82,103,1920,1080
2021-07-13T13-17-13-frame_0002.jpeg,Nut,1302,966,69,83,1920,1080
2021-07-13T13-17-13-frame_0003.jpeg,Nut,1710,804,73,136,1920,1080
2021-07-13T13-17-13-frame_0003.jpeg,Nut,1661,813,78,143,1920,1080
2021-07-13T13-17-13-frame_0003.jpeg,Nut,1595,838,77,156,1920,1080
2021-07-13T13-17-13-frame_0003.jpeg,Nut,1602,899,34,77,1920,1080
2021-07-13T13-17-13-frame_0003.jpeg,Nut,1461,890,73,124,1920,1080
2021-07-13T13-17-13-frame_0003.jpeg,Nut,1392,888,100,112,1920,1080
2021-07-13T13-17-13-frame_0003.jpeg,Nut,1356,924,84,105,1920,1080
2021-07-13T13-17-13-frame_0003.jpeg,Nut,1302,966,69,83,1920,1080
2021-07-13T13-17-13-frame_0004.jpeg,Nut,1710,804,73,136,1920,1080
2021-07-13T13-17-13-frame_0004.jpeg,Nut,1661,813,78,143,1920,1080
2021-07-13T13-17-13-frame_0004.jpeg,Nut,1595,838,77,156,1920,1080
2021-07-13T13-17-13-frame_0004.jpeg,Nut,1602,899,34,77,1920,1080
2021-07-13T13-17-13-frame_0004.jpeg,Nut,1461,890,73,124,1920,1080
2021-07-13T13-17-13-frame_0004.jpeg,Nut,1393,889,98,110,1920,1080
2021-07-13T13-17-13-frame_0004.jpeg,Nut,1357,924,82,103,1920,1080
2021-07-13T13-17-13-frame_0004.jpeg,Nut,1302,965,69,83,1920,1080
2021-07-13T13-18-25-frame_0000.jpeg,Nut,1305,967,46,53,1920,1080
2021-07-13T13-18-25-frame_0000.jpeg,Nut,1351,928,74,72,1920,1080
2021-07-13T13-18-25-frame_0000.jpeg,Nut,1390,896,86,95,1920,1080
2021-07-13T13-18-25-frame_0000.jpeg,Nut,1467,880,83,98,1920,1080
2021-07-13T13-18-25-frame_0000.jpeg,Nut,1539,898,64,78,1920,1080
2021-07-13T13-18-25-frame_0000.jpeg,Nut,1605,898,45,61,1920,1080
2021-07-13T13-18-25-frame_0000.jpeg,Nut,1584,846,84,123,1920,1080
2021-07-13T13-18-25-frame_0000.jpeg,Nut,1666,821,89,118,1920,1080
2021-07-13T13-18-25-frame_0000.jpeg,Nut,1709,798,78,112,1920,1080
2021-07-13T13-18-25-frame_0001.jpeg,Nut,1307,968,44,51,1920,1080
2021-07-13T13-18-25-frame_0001.jpeg,Nut,1352,928,73,71,1920,1080
2021-07-13T13-18-25-frame_0001.jpeg,Nut,1391,897,84,93,1920,1080
2021-07-13T13-18-25-frame_0001.jpeg,Nut,1467,880,83,98,1920,1080
2021-07-13T13-18-25-frame_0001.jpeg,Nut,1540,899,63,76,1920,1080
2021-07-13T13-18-25-frame_0001.jpeg,Nut,1605,898,45,61,1920,1080
2021-07-13T13-18-25-frame_0001.jpeg,Nut,1584,846,84,123,1920,1080
2021-07-13T13-18-25-frame_0001.jpeg,Nut,1666,821,89,118,1920,1080
2021-07-13T13-18-25-frame_0001.jpeg,Nut,1708,797,80,114,1920,1080
2021-07-13T13-18-25-frame_0002.jpeg,Nut,1307,968,44,51,1920,1080
2021-07-13T13-18-25-frame_0002.jpeg,Nut,1353,929,70,68,1920,1080
2021-07-13T13-18-25-frame_0002.jpeg,Nut,1391,897,84,93,1920,1080
2021-07-13T13-18-25-frame_0002.jpeg,Nut,1467,880,83,98,1920,1080
2021-07-13T13-18-25-frame_0002.jpeg,Nut,1540,898,63,76,1920,1080
2021-07-13T13-18-25-frame_0002.jpeg,Nut,1605,898,45,61,1920,1080
2021-07-13T13-18-25-frame_0002.jpeg,Nut,1585,846,82,121,1920,1080
2021-07-13T13-18-25-frame_0002.jpeg,Nut,1665,820,91,120,1920,1080
2021-07-13T13-18-25-frame_0002.jpeg,Nut,1710,798,77,110,1920,1080
2021-07-13T13-18-25-frame_0003.jpeg,Nut,1308,968,43,50,1920,1080
2021-07-13T13-18-25-frame_0003.jpeg,Nut,1352,927,71,69,1920,1080
2021-07-13T13-18-25-frame_0003.jpeg,Nut,1392,898,82,91,1920,1080
2021-07-13T13-18-25-frame_0003.jpeg,Nut,1467,880,83,98,1920,1080
2021-07-13T13-18-25-frame_0003.jpeg,Nut,1538,896,66,79,1920,1080
2021-07-13T13-18-25-frame_0003.jpeg,Nut,1604,897,46,62,1920,1080
2021-07-13T13-18-25-frame_0003.jpeg,Nut,1585,845,82,121,1920,1080
2021-07-13T13-18-25-frame_0003.jpeg,Nut,1668,822,86,113,1920,1080
2021-07-13T13-18-25-frame_0003.jpeg,Nut,1710,798,77,110,1920,1080
2021-07-13T16-21-28-frame_0000.jpeg,Squirrel,6,236,844,935,1920,1080
2021-07-13T16-21-28-frame_0000.jpeg,Nut,1352,933,92,90,1920,1080
2021-07-13T16-21-28-frame_0000.jpeg,Nut,1410,909,84,82,1920,1080
2021-07-13T16-21-28-frame_0000.jpeg,Nut,1472,929,56,87,1920,1080
2021-07-13T16-21-28-frame_0000.jpeg,Nut,1543,889,68,78,1920,1080
2021-07-13T16-21-28-frame_0000.jpeg,Nut,1587,881,58,86,1920,1080
2021-07-13T16-21-28-frame_0000.jpeg,Nut,1625,837,96,100,1920,1080
2021-07-13T16-21-28-frame_0001.jpeg,Squirrel,7,235,844,935,1920,1080
2021-07-13T16-21-28-frame_0001.jpeg,Nut,1352,933,92,90,1920,1080
2021-07-13T16-21-28-frame_0001.jpeg,Nut,1410,910,82,80,1920,1080
2021-07-13T16-21-28-frame_0001.jpeg,Nut,1472,929,56,87,1920,1080
2021-07-13T16-21-28-frame_0001.jpeg,Nut,1542,888,69,80,1920,1080
2021-07-13T16-21-28-frame_0001.jpeg,Nut,1587,881,58,86,1920,1080
2021-07-13T16-21-28-frame_0001.jpeg,Nut,1626,838,94,98,1920,1080
2021-07-13T16-21-28-frame_0002.jpeg,Squirrel,562,806,269,393,1920,1080
2021-07-13T16-21-28-frame_0002.jpeg,Nut,1353,933,90,88,1920,1080
2021-07-13T16-21-28-frame_0002.jpeg,Nut,1410,910,82,80,1920,1080
2021-07-13T16-21-28-frame_0002.jpeg,Nut,1473,929,56,87,1920,1080
2021-07-13T16-21-28-frame_0002.jpeg,Nut,1542,888,69,80,1920,1080
2021-07-13T16-21-28-frame_0002.jpeg,Nut,1588,881,57,84,1920,1080
2021-07-13T16-21-28-frame_0002.jpeg,Nut,1627,839,92,96,1920,1080
2021-07-13T16-21-28-frame_0003.jpeg,Nut,1353,932,90,88,1920,1080
2021-07-13T16-21-28-frame_0003.jpeg,Nut,1411,911,80,78,1920,1080
2021-07-13T16-21-28-frame_0003.jpeg,Nut,1471,928,58,91,1920,1080
2021-07-13T16-21-28-frame_0003.jpeg,Nut,1541,887,70,82,1920,1080
2021-07-13T16-21-28-frame_0003.jpeg,Nut,1587,881,57,84,1920,1080
2021-07-13T16-21-28-frame_0003.jpeg,Nut,1627,839,92,96,1920,1080
2021-07-13T16-49-07-frame_0003.jpeg,Nut,1537,888,60,68,1920,1080
2021-07-13T16-49-07-frame_0003.jpeg,Nut,1470,911,84,74,1920,1080
2021-07-13T16-49-07-frame_0003.jpeg,Nut,1617,833,35,74,1920,1080
2021-07-13T16-49-07-frame_0003.jpeg,Nut,1652,861,55,85,1920,1080
2021-07-13T16-49-07-frame_0003.jpeg,Nut,1582,870,63,90,1920,1080
2021-07-13T16-49-07-frame_0003.jpeg,Nut,1486,921,58,44,1920,1080
2021-07-13T16-49-07-frame_0003.jpeg,Nut,1530,891,61,64,1920,1080
2021-07-13T16-49-07-frame_0003.jpeg,Nut,1584,881,81,61,1920,1080
2021-07-13T16-49-07-frame_0003.jpeg,Nut,1611,871,65,58,1920,1080
2021-07-13T16-49-07-frame_0003.jpeg,Nut,1626,833,43,51,1920,1080
2021-07-13T16-49-07-frame_0003.jpeg,Nut,1651,863,52,75,1920,1080
2021-07-13T16-49-07-frame_0000.jpeg,Nut,1487,920,57,43,1920,1080
2021-07-13T16-49-07-frame_0000.jpeg,Nut,1530,891,61,64,1920,1080
2021-07-13T16-49-07-frame_0000.jpeg,Nut,1584,881,81,61,1920,1080
2021-07-13T16-49-07-frame_0000.jpeg,Nut,1610,870,66,59,1920,1080
2021-07-13T16-49-07-frame_0000.jpeg,Nut,1625,833,43,51,1920,1080
2021-07-13T16-49-07-frame_0000.jpeg,Nut,1652,863,52,75,1920,1080
2021-07-13T16-49-07-frame_0001.jpeg,Nut,1486,920,58,44,1920,1080
2021-07-13T16-49-07-frame_0001.jpeg,Nut,1530,891,61,64,1920,1080
2021-07-13T16-49-07-frame_0001.jpeg,Nut,1584,881,81,61,1920,1080
2021-07-13T16-49-07-frame_0001.jpeg,Nut,1610,870,66,59,1920,1080
2021-07-13T16-49-07-frame_0001.jpeg,Nut,1625,833,43,51,1920,1080
2021-07-13T16-49-07-frame_0001.jpeg,Nut,1652,863,52,75,1920,1080
2021-07-13T16-49-07-frame_0002.jpeg,Nut,1485,920,59,45,1920,1080
2021-07-13T16-49-07-frame_0002.jpeg,Nut,1530,891,61,64,1920,1080
2021-07-13T16-49-07-frame_0002.jpeg,Nut,1584,881,81,61,1920,1080
2021-07-13T16-49-07-frame_0002.jpeg,Nut,1610,870,66,59,1920,1080
2021-07-13T16-49-07-frame_0002.jpeg,Nut,1626,833,43,51,1920,1080
2021-07-13T16-49-07-frame_0002.jpeg,Nut,1651,863,53,77,1920,1080
2021-07-13T21-45-03-frame_0000.jpeg,Nut,1472,918,63,76,1920,1080
2021-07-13T21-45-03-frame_0000.jpeg,Nut,1535,889,57,73,1920,1080
2021-07-13T21-45-03-frame_0000.jpeg,Nut,1605,878,68,70,1920,1080
2021-07-13T21-45-03-frame_0000.jpeg,Nut,1625,841,77,106,1920,1080
2021-07-13T21-45-03-frame_0001.jpeg,Nut,1472,918,63,76,1920,1080
2021-07-13T21-45-03-frame_0001.jpeg,Nut,1534,888,59,76,1920,1080
2021-07-13T21-45-03-frame_0001.jpeg,Nut,1605,878,68,70,1920,1080
2021-07-13T21-45-03-frame_0001.jpeg,Nut,1626,842,75,104,1920,1080
2021-07-13T21-45-03-frame_0002.jpeg,Nut,1474,920,61,73,1920,1080
2021-07-13T21-45-03-frame_0002.jpeg,Nut,1533,889,59,76,1920,1080
2021-07-13T21-45-03-frame_0002.jpeg,Nut,1605,878,68,70,1920,1080
2021-07-13T21-45-03-frame_0002.jpeg,Nut,1624,843,77,106,1920,1080
2021-07-13T21-45-03-frame_0003.jpeg,Nut,1472,919,63,76,1920,1080
2021-07-13T21-45-03-frame_0003.jpeg,Nut,1534,888,60,78,1920,1080
2021-07-13T21-45-03-frame_0003.jpeg,Nut,1606,880,64,66,1920,1080
2021-07-13T21-45-03-frame_0003.jpeg,Nut,1623,842,77,106,1920,1080
2021-07-13T21-52-10-frame_0000.jpeg,Nut,1472,907,74,66,1920,1080
2021-07-13T21-52-10-frame_0000.jpeg,Nut,1530,883,70,93,1920,1080
2021-07-13T21-52-10-frame_0000.jpeg,Nut,1609,869,72,68,1920,1080
2021-07-13T21-52-10-frame_0000.jpeg,Nut,1621,831,102,114,1920,1080
2021-07-13T21-52-10-frame_0001.jpeg,Nut,1471,907,75,67,1920,1080
2021-07-13T21-52-10-frame_0001.jpeg,Nut,1531,884,69,91,1920,1080
2021-07-13T21-52-10-frame_0001.jpeg,Nut,1609,869,72,68,1920,1080
2021-07-13T21-52-10-frame_0001.jpeg,Nut,1620,831,102,114,1920,1080
2021-07-13T21-52-10-frame_0002.jpeg,Nut,1470,906,77,68,1920,1080
2021-07-13T21-52-10-frame_0002.jpeg,Nut,1532,885,68,89,1920,1080
2021-07-13T21-52-10-frame_0002.jpeg,Nut,1610,871,69,65,1920,1080
2021-07-13T21-52-10-frame_0002.jpeg,Nut,1620,831,102,114,1920,1080
2021-07-13T21-52-10-frame_0003.jpeg,Nut,1471,909,77,68,1920,1080
2021-07-13T21-52-10-frame_0003.jpeg,Nut,1532,890,68,89,1920,1080
2021-07-13T21-52-10-frame_0003.jpeg,Nut,1603,874,70,66,1920,1080
2021-07-13T21-52-10-frame_0003.jpeg,Nut,1613,835,108,121,1920,1080
2021-07-14T10-16-23-frame_0000.jpeg,Nut,1628,833,77,101,1920,1080
2021-07-14T10-16-23-frame_0000.jpeg,Nut,1600,876,54,79,1920,1080
2021-07-14T10-16-23-frame_0000.jpeg,Nut,1529,873,100,98,1920,1080
2021-07-14T10-16-23-frame_0000.jpeg,Nut,1481,914,77,72,1920,1080
2021-07-14T10-16-23-frame_0001.jpeg,Nut,1627,832,79,103,1920,1080
2021-07-14T10-16-23-frame_0001.jpeg,Nut,1599,875,55,81,1920,1080
2021-07-14T10-16-23-frame_0001.jpeg,Nut,1529,873,100,98,1920,1080
2021-07-14T10-16-23-frame_0001.jpeg,Nut,1482,914,77,72,1920,1080
2021-07-14T10-16-23-frame_0002.jpeg,Nut,1627,832,79,103,1920,1080
2021-07-14T10-16-23-frame_0002.jpeg,Nut,1599,875,55,81,1920,1080
2021-07-14T10-16-23-frame_0002.jpeg,Nut,1529,873,100,98,1920,1080
2021-07-14T10-16-23-frame_0002.jpeg,Nut,1482,914,77,72,1920,1080
2021-07-14T10-16-23-frame_0002.jpeg,Squirrel,439,768,281,448,1920,1080
2021-07-14T10-16-23-frame_0003.jpeg,Squirrel,17,175,885,1149,1920,1080
2021-07-14T10-16-23-frame_0003.jpeg,Nut,1539,880,78,73,1920,1080
2021-07-14T10-16-23-frame_0003.jpeg,Nut,1605,875,69,86,1920,1080
2021-07-14T10-16-23-frame_0003.jpeg,Nut,1617,832,90,106,1920,1080
2021-07-14T10-16-23-frame_0004.jpeg,Squirrel,0,567,513,1772,1920,1080
2021-07-14T10-16-23-frame_0005.jpeg,Nut,1280,927,91,103,1920,1080
2021-07-14T11-44-16-frame_0000.jpeg,Nut,1286,919,100,104,1920,1080
2021-07-14T11-44-16-frame_0001.jpeg,Nut,1286,919,100,104,1920,1080
2021-07-14T11-44-16-frame_0002.jpeg,Nut,1312,922,94,98,1920,1080
2021-07-14T11-44-16-frame_0002.jpeg,Squirrel,344,683,392,1053,1920,1080
2021-07-14T11-44-16-frame_0003.jpeg,Nut,961,548,66,129,1920,1080
2021-07-14T11-44-16-frame_0003.jpeg,Squirrel,437,308,767,698,1920,1080
2021-07-14T11-44-16-frame_0004.jpeg,Squirrel,123,642,433,1111,1920,1080
2021-07-14T15-06-08-frame_0000.jpeg,Nut,1722,805,101,81,1920,1080
2021-07-14T15-06-08-frame_0000.jpeg,Nut,1632,863,69,67,1920,1080
2021-07-14T15-06-08-frame_0001.jpeg,Nut,1722,805,101,81,1920,1080
2021-07-14T15-06-08-frame_0001.jpeg,Nut,1632,863,69,67,1920,1080
2021-07-14T15-06-08-frame_0002.jpeg,Nut,1722,805,101,81,1920,1080
2021-07-14T15-06-08-frame_0002.jpeg,Nut,1632,863,69,67,1920,1080
2021-07-14T15-06-08-frame_0002.jpeg,Squirrel,283,618,462,1025,1920,1080
2021-07-14T15-06-08-frame_0003.jpeg,Nut,1723,803,103,83,1920,1080
2021-07-14T15-06-08-frame_0003.jpeg,Nut,1589,876,68,66,1920,1080
2021-07-14T15-06-08-frame_0003.jpeg,Squirrel,292,180,888,1025,1920,1080
2021-07-14T15-07-02-frame_0000.jpeg,Squirrel,355,283,797,724,1920,1080
2021-07-14T15-07-02-frame_0000.jpeg,Nut,1711,819,80,90,1920,1080
2021-07-14T15-07-02-frame_0000.jpeg,Nut,1510,923,44,119,1920,1080
2021-07-14T15-07-02-frame_0001.jpeg,Squirrel,355,281,797,724,1920,1080
2021-07-14T15-07-02-frame_0001.jpeg,Nut,1711,819,80,90,1920,1080
2021-07-14T15-07-02-frame_0001.jpeg,Nut,1510,923,44,119,1920,1080
2021-07-14T15-07-02-frame_0002.jpeg,Squirrel,12,584,488,1532,1920,1080
2021-07-14T15-07-02-frame_0002.jpeg,Nut,1711,819,80,90,1920,1080
2021-07-14T15-07-02-frame_0002.jpeg,Nut,1510,923,44,119,1920,1080
2021-07-14T15-07-02-frame_0003.jpeg,Squirrel,429,83,992,695,1920,1080
2021-07-14T15-07-02-frame_0003.jpeg,Nut,1549,889,62,130,1920,1080
2021-07-14T15-08-16-frame_0000.jpeg,Squirrel,557,277,803,444,1920,1080
2021-07-14T15-08-16-frame_0001.jpeg,Squirrel,561,275,803,444,1920,1080
2021-07-14T15-08-16-frame_0002.jpeg,Squirrel,562,274,803,444,1920,1080
2021-07-14T15-08-16-frame_0003.jpeg,Squirrel,540,161,905,560,1920,1080
2021-07-15T10-13-07-frame_0000.jpeg,Nut,1516,849,94,141,1920,1080
2021-07-15T10-13-07-frame_0000.jpeg,Nut,1593,843,92,130,1920,1080
2021-07-15T10-13-07-frame_0000.jpeg,Nut,1687,849,44,102,1920,1080
2021-07-15T10-13-07-frame_0000.jpeg,Nut,1717,798,89,112,1920,1080
2021-07-15T10-13-07-frame_0001.jpeg,Nut,1516,849,94,141,1920,1080
2021-07-15T10-13-07-frame_0001.jpeg,Nut,1593,843,92,130,1920,1080
2021-07-15T10-13-07-frame_0001.jpeg,Nut,1687,849,44,102,1920,1080
2021-07-15T10-13-07-frame_0001.jpeg,Nut,1717,798,89,112,1920,1080
2021-07-15T10-13-07-frame_0002.jpeg,Squirrel,178,319,754,480,1920,1080
2021-07-15T10-13-07-frame_0002.jpeg,Nut,1517,850,92,138,1920,1080
2021-07-15T10-13-07-frame_0002.jpeg,Nut,1595,844,90,127,1920,1080
2021-07-15T10-13-07-frame_0002.jpeg,Nut,1688,849,43,100,1920,1080
2021-07-15T10-13-07-frame_0002.jpeg,Nut,1717,798,89,112,1920,1080
2021-07-15T10-13-07-frame_0003.jpeg,Squirrel,247,147,928,1000,1920,1080
2021-07-15T10-13-07-frame_0003.jpeg,Nut,1597,845,88,125,1920,1080
2021-07-15T10-13-07-frame_0003.jpeg,Nut,1688,849,43,100,1920,1080
2021-07-15T10-13-07-frame_0003.jpeg,Nut,1717,798,89,112,1920,1080
2021-07-15T10-14-35-frame_0000.jpeg,Nut,1589,845,70,126,1920,1080
2021-07-15T10-14-35-frame_0000.jpeg,Nut,1693,851,50,70,1920,1080
2021-07-15T10-14-35-frame_0000.jpeg,Nut,1719,802,83,114,1920,1080
2021-07-15T10-14-35-frame_0001.jpeg,Nut,1590,846,69,124,1920,1080
2021-07-15T10-14-35-frame_0001.jpeg,Nut,1693,851,49,69,1920,1080
2021-07-15T10-14-35-frame_0001.jpeg,Nut,1720,803,81,112,1920,1080
2021-07-15T10-14-35-frame_0002.jpeg,Nut,1590,846,69,124,1920,1080
2021-07-15T10-14-35-frame_0002.jpeg,Nut,1693,851,50,70,1920,1080
2021-07-15T10-14-35-frame_0002.jpeg,Nut,1720,803,81,112,1920,1080
2021-07-15T10-14-35-frame_0002.jpeg,Squirrel,302,604,471,745,1920,1080
2021-07-15T10-14-35-frame_0003.jpeg,Nut,1692,849,52,73,1920,1080
2021-07-15T10-14-35-frame_0003.jpeg,Nut,1719,803,81,112,1920,1080
2021-07-15T10-14-35-frame_0003.jpeg,Squirrel,0,220,854,1300,1920,1080
2021-07-15T10-14-35-frame_0004.jpeg,Nut,1692,849,52,73,1920,1080
2021-07-15T10-14-35-frame_0004.jpeg,Nut,1719,803,81,112,1920,1080
2021-07-15T10-16-06-frame_0000.jpeg,Nut,1722,805,63,101,1920,1080
2021-07-15T10-16-06-frame_0000.jpeg,Nut,1694,855,37,90,1920,1080
2021-07-15T10-16-06-frame_0001.jpeg,Nut,1722,805,63,101,1920,1080
2021-07-15T10-16-06-frame_0001.jpeg,Nut,1696,856,36,87,1920,1080
2021-07-15T10-16-06-frame_0002.jpeg,Nut,1722,805,63,101,1920,1080
2021-07-15T10-16-06-frame_0002.jpeg,Nut,1697,856,35,85,1920,1080
2021-07-15T10-16-06-frame_0002.jpeg,Squirrel,150,557,507,994,1920,1080
2021-07-15T10-16-06-frame_0003.jpeg,Nut,1750,842,62,99,1920,1080
2021-07-15T10-16-06-frame_0003.jpeg,Nut,1667,852,35,85,1920,1080
2021-07-15T10-16-06-frame_0003.jpeg,Nut,1750,842,62,99,1920,1080
2021-07-15T10-16-06-frame_0003.jpeg,Nut,1667,852,35,85,1920,1080
2021-07-15T10-16-06-frame_0003.jpeg,Squirrel,0,134,946,1367,1920,1080
2021-07-15T10-17-48-frame_0000.jpeg,Nut,1667,841,63,75,1920,1080
2021-07-15T10-17-48-frame_0001.jpeg,Nut,1667,841,63,75,1920,1080
2021-07-15T10-17-48-frame_0002.jpeg,Nut,1667,841,63,75,1920,1080
2021-07-15T10-17-48-frame_0002.jpeg,Squirrel,143,609,471,1376,1920,1080
2021-07-15T10-17-48-frame_0003.jpeg,Squirrel,17,114,966,1357,1920,1080
2021-07-15T10-49-30-frame_0000.jpeg,Squirrel,194,323,757,735,1920,1080
2021-07-15T10-49-30-frame_0001.jpeg,Squirrel,196,319,757,735,1920,1080
2021-07-15T10-49-30-frame_0002.jpeg,Squirrel,212,528,546,798,1920,1080
2021-07-15T11-03-45-frame_0000.jpeg,Squirrel,17,414,666,945,1920,1080
2021-07-15T11-03-45-frame_0001.jpeg,Squirrel,19,411,666,945,1920,1080
2021-07-15T11-03-45-frame_0002.jpeg,Squirrel,26,333,732,908,1920,1080
2021-07-15T11-03-45-frame_0003.jpeg,Squirrel,20,344,718,890,1920,1080
2021-07-15T11-11-06-frame_0002.jpeg,Squirrel,150,142,938,524,1920,1080
